,,,,,,,,,,,,,,,,,,
Title,Sessions - Total,Sessions - Total - B2B,Conversion Rate - Total,Session Percentage - Total - B2B,Page Views - Total,Page Views - Total - B2B,Page View Percentage - Total,Page View Percentage - Total - B2B,Buy Box Percentage,Buy Box Percentage - B2B,Units Ordered,Units Ordered - B2B,Unit Session Percentage,Unit Session Percentage - B2B,Ordered Product Sales,Ordered Product Sales - B2B,Total Order Items,Total Order Items - B2B
"Ecocutlery Kitchen Shears Heavy Duty Kitchen Scissors with Magnetic Holder, Dishwasher Safe Scissors All Purpose Come Apart Blade Made with Japanese Steel 4034 for Meat/Vegetables/BBQ/Herbs, Black","2,651",52,5.66%,6.55%,"3,790",77,5.90%,7.19%,99.82%,100.00%,617,17,23.27%,32.69%,"US$11,872.84",US$333.83,569,14
"ecocutlery Paring Knife 3.5 inch Small Kitchen Knife with Elegant Gift Box, Sharp Forged German Carbon Stainless Steel Fruit Knife, Full Tang, Ergonomic Handle-Classic Series","3,049",49,6.51%,6.17%,"4,498",70,7.00%,6.54%,99.85%,100.00%,434,11,14.23%,22.45%,"US$8,822.48",US$220.28,401,7
"ecocutlery Stackable Bento Box Adult Lunch Box | Meet All You On-the-Go Needs for Food, Salad, and Snack Box, Premium Bento Lunch Box for Adults Include Utensil Set, Dressing Containers - Pale Mint","8,376",85,17.89%,10.71%,"11,559",132,17.99%,12.32%,99.86%,100.00%,186,1,2.22%,1.18%,"US$4,588.67",US$25.77,182,1
"ecocutlery Paring Knife 3.5 inch Small Kitchen Knife with Elegant Gift Box, Sharp Forged German Carbon Stainless Steel Fruit Knife, Full Tang, Ergonomic Handle-Classic Series","1,355",13,2.89%,1.64%,"1,903",14,2.96%,1.31%,99.67%,100.00%,199,2,14.69%,15.38%,"US$4,361.59",US$41.90,181,2
"Ecocutlery Stackable Bento Lunch Box | Meet All Your On-the-Go Food, Salad and Snack Needs, Premium Adult Lunch Box Includes Utensil Set, Dressing Containers - Lava Orange","1,491",14,3.19%,1.76%,"2,048",20,3.19%,1.87%,99.66%,100.00%,120,0,8.05%,0.00%,"US$2,958.95",US$0.00,110,0
"ecocutlery Stackable Bento Box Adult Lunch Box | Meet All You On-the-Go Needs for Food, Salad and Snack Box, Premium Bento Lunch Box for Adults Include Utensil Set, Dressing Containers - Classic Blue",807,8,1.72%,1.01%,"1,095",10,1.70%,0.93%,99.89%,100.00%,111,2,13.75%,25.00%,"US$2,550.72",US$44.75,105,2
"ecocutlery French Fry Cutter, 4-in-1 Multi-functional Onion/Vegetable Chopper with Container, Pro Food Chopper, Veggie Chopper, and Food Dicer","1,830",27,3.91%,3.40%,"2,728",38,4.25%,3.55%,99.38%,100.00%,104,1,5.68%,3.70%,"US$2,490.80",US$23.95,101,1
"ecocutlery Meat Carving Fork 11 inch, Razor Sharp Carving Fork Barbecue Fork BBQ Tools Meat Forks Stainless Steel",639,10,1.37%,1.26%,909,15,1.41%,1.40%,99.74%,100.00%,107,7,16.74%,70.00%,"US$2,350.08",US$160.65,101,4
"ecocutlery Stackable Bento Box Adult Lunch Box | Meet All You On-the-Go Needs for Food, Salad and Snack Box, Premium Bento Lunch Box for Adults Include Utensil Set, Dressing Containers - Frozen Berry","1,956",23,4.18%,2.90%,"2,654",28,4.13%,2.61%,99.86%,100.00%,96,0,4.91%,0.00%,"US$2,333.45",US$0.00,95,0
"Ecocutlery Kitchen Scissors All Purpose Kitchen Shears with Magnetic Holder, Soft Grip Handle Cooking Scissors Dishwasher Safe with Come Apart Blade Heavy Duty Scissors for Meat, Vegetable, Herb, Black",506,8,1.08%,1.01%,713,12,1.11%,1.12%,99.52%,100.00%,90,3,17.79%,37.50%,"US$2,034.30",US$67.17,88,3
"Ecocutlery TPU Cutting Boards for kitchen, Flexible Chopping Boards with Juice Groove, Knife Mark Resistant Cutting Mats Dishwasher Safe BPA Free Cutting Board for Meat, Veggies, and Fruits, Pale Mint",701,13,1.50%,1.64%,990,18,1.54%,1.68%,99.63%,100.00%,74,0,10.56%,0.00%,US$721.26,US$0.00,67,0
"Ecocutlery Flexible Kitchen Cutting Board - Made from BPA Free Material - Cutting Mark Prevention, 10x14 Inches, Non-Slip Design - Easy-Care Kitchen Essential, Orange","1,074",24,2.29%,3.02%,"1,390",30,2.16%,2.80%,99.92%,100.00%,68,0,6.33%,0.00%,US$652.32,US$0.00,66,0
"ecocutlery Lemon Zester & Cheese Grater Set of 2 - Kitchen Handheld Grater Tool for Cheese, Garlic, Ginger, Nutmeg, Chocolate, Fruits - Razor Sharp Stainless Steel Blade with Protective Cover",591,16,1.26%,2.02%,785,23,1.22%,2.15%,100.00%,100.00%,65,5,11.00%,31.25%,"US$1,165.36",US$99.95,65,5
"ecocutlery Stackable Bento Box Adult Lunch Box | Meet All You On-the-Go Needs for Food, Salad and Snack Box, Premium Bento Lunch Box for Adults Include Utensil Set, Dressing Containers - Veri Peri","1,005",14,2.15%,1.76%,"1,327",20,2.07%,1.87%,100.00%,100.00%,63,0,6.27%,0.00%,"US$1,541.11",US$0.00,62,0
"Ecocutlery Flexible Kitchen Cutting Board - Made from BPA Free Material - Cutting Mark Prevention, 10x14 Inches, Non-Slip Design - Easy-Care Kitchen Essential, Ultimate Gray",554,12,1.18%,1.51%,722,13,1.12%,1.21%,99.83%,100.00%,62,4,11.19%,33.33%,US$601.38,US$39.96,55,4
"Ecocutlery Knife Drawer Organizer With In-Drawer Knife Block for 9 Knives, Kitchen Utensil Organizer, BPA Free Secure Storage Tray for Countertop Organization","1,210",26,2.58%,3.27%,"1,871",38,2.91%,3.55%,100.00%,100.00%,56,2,4.63%,7.69%,"US$1,063.44",US$37.98,54,2
"Ecocutlery Magnetic Bottle Opener Pop Can Opener for Refrigerator, Beer Bottle Opener and Soda Can Opener with Cap Catcher, Portable Beer Opener for Bartender, Home, Restaurant, Bar Tools, 1 Pack, Black",300,13,0.64%,1.64%,406,22,0.63%,2.05%,100.00%,100.00%,65,18,21.67%,138.46%,US$360.55,US$91.62,48,1
"Ecocutlery Acacia Wood Cheese Board, Reversible Round (12inch) Charcuterie Board with Juice Groove","3,889",96,8.31%,12.09%,"5,266",121,8.20%,11.30%,99.82%,100.00%,53,4,1.36%,4.17%,"US$1,609.40",US$123.80,46,2
"ecocutlery Stackable Bento Box Adult Lunch Box | Meet All You On-the-Go Needs for Food, Salad and Snack Box, Premium Bento Lunch Box for Adults Include Utensil Set, Dressing Containers - Chalk White",789,8,1.69%,1.01%,"1,049",12,1.63%,1.12%,99.88%,100.00%,44,2,5.58%,25.00%,"US$1,062.60",US$45.38,42,2
"ecocutlery Stackable Bento Box Adult Lunch Box | Meet All You On-the-Go Needs for Food, Salad and Snack Box, Premium Bento Lunch Box for Adults Include Utensil Set, Dressing Containers - Canal Blue",513,4,1.10%,0.50%,619,5,0.96%,0.47%,100.00%,100.00%,40,0,7.80%,0.00%,US$975.80,US$0.00,38,0
"ecocutlery Stackable Bento Box Adult Lunch Box | Meet All You On-the-Go Needs for Food, Salad and Snack, Premium Bento Lunch Box for Adults Include Utensil Set, Dressing Containers - Ultimate Gray",481,10,1.03%,1.26%,582,11,0.91%,1.03%,100.00%,100.00%,39,1,8.11%,10.00%,US$970.31,US$24.96,36,1
"Ecocutlery Flexible Kitchen Cutting Board - Made from BPA Free Material - Cutting Mark Prevention, 10x14 Inches, Non-Slip Design - Easy-Care Kitchen Essential, Green",284,6,0.61%,0.76%,367,7,0.57%,0.65%,99.65%,100.00%,37,1,13.03%,16.67%,US$360.63,US$9.99,36,1
"Ecocutlery Kitchen Scissors Heavy Duty Kitchen Shears with Magnetic Holder Made with Japanese Steel 4034, Multipurpose Ultra Sharp Cooking Scissors for Meat/Vegetables/BBQ/Herbs/Pizza (Graphic,Chili)",375,5,0.80%,0.63%,447,5,0.70%,0.47%,100.00%,0.00%,33,0,8.80%,0.00%,US$604.69,US$0.00,32,0
"Ecocutlery Avocado Slicer Tool Kitchen Avocado Knife Set, Good Grips 3-in-1 Avocado Tool with Avocado cutter slicer, Avocado Pit Remover, Avocado Peeler with Cover, Green",172,2,0.37%,0.25%,230,5,0.36%,0.47%,100.00%,100.00%,31,0,18.02%,0.00%,US$459.69,US$0.00,30,0
"ecocutlery Boning Knife 5.7 inch Kitchen Knife with Elegant Gift Box, Sharp Forged German Carbon Stainless Steel Fillet Knife for Meat, Fish, Poultry, Full Tang, Ergonomic Handle",395,9,0.84%,1.13%,460,11,0.72%,1.03%,100.00%,100.00%,30,1,7.59%,11.11%,US$750.86,US$26.95,29,1
"ecocutlery 16.5'' Magnetic Knife Holder for Wall, Powerful Acacia Wood Magnetic Knife Strip Knife Rack for Kitchen Knives & Tools",299,8,0.64%,1.01%,399,8,0.62%,0.75%,99.72%,100.00%,27,2,9.03%,25.00%,US$703.60,US$49.85,25,2
"ecocutlery Paring Knife 3.5 inch Small Kitchen Knife with Premium Gift Box, German Carbon Stainless Steel Fruit Knife, Ultra Sharp Knife for Cutting and Peeling, Gifts for Women and Men",175,8,0.37%,1.01%,276,11,0.43%,1.03%,99.15%,100.00%,26,1,14.86%,12.50%,US$636.06,US$18.87,25,1
"ecocutlery 5 Pcs Knife Set with Magnetic Knife Strip, Sharp High Carbon Stainless Steel Kitchen Knife Set for Cutting, Chopping & Slicing, Chef Knives Set with Magnetic Knife Holder for Wall",159,1,0.34%,0.13%,234,1,0.36%,0.09%,100.00%,0.00%,23,3,14.47%,300.00%,"US$1,270.97",US$179.85,22,2
"Ecocutlery Kitchen Scissors All Purpose Kitchen Shears with Magnetic Holder, Soft Grip Handle Cooking Scissors Dishwasher Safe with Come Apart Blade Heavy Duty Scissors for Meat, Vegetable, Herb, White",110,0,0.23%,0.00%,145,0,0.23%,0.00%,100.00%,0.00%,25,0,22.73%,0.00%,US$561.35,US$0.00,22,0
"Ecocutlery Pizza Cutter Wheel, Durable Stainless Steel 4-Inch Pizza Wheel Cutter with Comfortable Safety Handle, Pizza Slicer Wheel for Cutting Through Pizza, Crust, Pie, Brownie, Flatbread, Green",117,2,0.25%,0.25%,171,2,0.27%,0.19%,100.00%,100.00%,18,2,15.38%,100.00%,US$251.82,US$27.98,17,1
"ecocutlery Nakiri Knife 7 inch Japanese Chef Knife, Asian Vegetable Cleaver Kitchen Knife, German High Carbon Stainless Steel Usuba Knife with Full Tang Ergonomic Handle for Home Kitchen and Restaurant",315,5,0.67%,0.63%,482,6,0.75%,0.56%,99.75%,100.00%,15,0,4.76%,0.00%,US$410.05,US$0.00,15,0
"Ecocutlery Kitchen Scissors Heavy Duty Kitchen Shears with Magnetic Holder Made with Japanese Steel 4034, Multipurpose Ultra Sharp Cooking Scissors for Meat/Vegetables/BBQ/Herbs/Pizza (Graphic,Cow)",309,4,0.66%,0.50%,375,4,0.58%,0.37%,100.00%,100.00%,15,0,4.85%,0.00%,US$306.45,US$0.00,15,0
"Ecocutlery Kitchen Scissors Heavy Duty Kitchen Shears with Magnetic Holder Made with Japanese Steel 4034, Multipurpose Ultra Sharp Cooking Scissors for Meat/Vegetables/BBQ/Herbs/Pizza (Graphic,Tiger)",261,3,0.56%,0.38%,283,3,0.44%,0.28%,100.00%,100.00%,17,0,6.51%,0.00%,US$331.63,US$0.00,14,0
"ecocutlery Adjustable Mandoline Food Slicer 5 in 1, Mandoline Slicer for Kitchen with Container, Vegetable Chopper Shredder Wave Cutter for Potato, Carrot, Zucchini, Grindder for Cheese Lemon",378,5,0.81%,0.63%,566,7,0.88%,0.65%,100.00%,100.00%,12,0,3.17%,0.00%,US$272.59,US$0.00,12,0
"Ecocutlery Kitchen Scissors Heavy Duty Kitchen Shears with Magnetic Holder Made with Japanese Steel 4034, Multipurpose Ultra Sharp Cooking Scissors for Meat/Vegetables/BBQ/Herbs/Pizza (Graphic,Chick)",310,4,0.66%,0.50%,354,4,0.55%,0.37%,100.00%,100.00%,11,0,3.55%,0.00%,US$210.89,US$0.00,11,0
"ecocutlery Pop Airtight Food Storage Containers with Date Recording Lids, Stackable Plastic Storage Containers Set of 7, Dry Cereal Container Set for Pantry Countertop Fridge Organization",445,12,0.95%,1.51%,619,18,0.96%,1.68%,100.00%,100.00%,11,0,2.47%,0.00%,US$522.05,US$0.00,11,0
"ecocutlery 5 inch Kitchen Utility Knife Gourmet Series, Sharp Stainless Steel Kitchen Knife Multipurpose Paring Knife for Cutting, Peeling, Slicing Fruit, Vegetables, and Meat",82,1,0.18%,0.13%,119,1,0.19%,0.09%,100.00%,0.00%,11,0,13.41%,0.00%,US$166.49,US$0.00,10,0
"Ecocutlery Magnetic Bottle Opener Pop Can Opener for Refrigerator, Beer Bottle Opener and Soda Can Opener with Cap Catcher, Portable Beer Opener for Bartender, Home, Restaurant, Bar Tools, 1 Pack, Green",62,2,0.13%,0.25%,74,2,0.12%,0.19%,100.00%,100.00%,10,0,16.13%,0.00%,US$58.10,US$0.00,10,0
"ecocutlery 3 Piece Knife Set, Chef Santoku Paring Knife Set with Elegant Gift Box, Sharp Forged German Carbon Stainless Steel Knives with Full Tang Ergonomic Handle for Home Kitchen and Restaurant",67,0,0.14%,0.00%,100,0,0.16%,0.00%,98.82%,0.00%,9,1,13.43%,0.00%,US$467.91,US$59.99,9,1
"ecocutlery Round Acacia Wood Cutting Board with Juice Groove for Chopping and Serving Charcuterie, Exquisite Non-Splicing Cheese Board (Dia. 10 inch, Non-Exact Round, Follow Actual Shape of Wood)",169,4,0.36%,0.50%,274,5,0.43%,0.47%,100.00%,100.00%,9,0,5.33%,0.00%,US$240.37,US$0.00,9,0
"ecocutlery Magnetic Knife Holder, Heavy Duty Aluminum Magnetic Knife Holder for Wall Use as Knife Bar, Knife Holder, Magnetic Tool, Kitchen Utensil & Home Organizer, 14.3 Inch",75,0,0.16%,0.00%,103,0,0.16%,0.00%,98.95%,0.00%,9,0,12.00%,0.00%,US$125.07,US$0.00,9,0
"ecocutlery Paring Knife with Cover of 4, Paring Knife Set for Camping, 3.5"" Paring Knife Set of Premium Stainless Steel, Ultra Sharp Small Kitchen Knife Set for Cutting and Peeling",84,2,0.18%,0.25%,116,3,0.18%,0.28%,100.00%,100.00%,9,3,10.71%,150.00%,US$137.61,US$50.97,9,3
"ecocutlery Pop Airtight Food Storage Containers with Time Recording Lids, BPA-Free Stackable Plastic Storage Containers Set of 4, Dry Cereal Container Set for Pantry Countertop Fridge Organization",340,5,0.73%,0.63%,519,6,0.81%,0.56%,100.00%,100.00%,11,0,3.24%,0.00%,US$239.89,US$0.00,8,0
"ecocutlery Chef Knife - Professional Pro Kitchen Knife 8 inch Chef's Knives, German High Carbon Stainless Steel Ultra Sharp Cooking Knife with Full Tang Ergonomic Handle - Classic Series",240,5,0.51%,0.63%,277,6,0.43%,0.56%,100.00%,100.00%,7,0,2.92%,0.00%,US$204.48,US$0.00,7,0
"ecocutlery Steak Knives, Semi Serrated Steak Knife Set of 4, Sharp Forged German Stainless Steel Steak Knives Set with Exquisite Beech Wood Block, Full Tang, Ergonomic Handle- MAKO Series",48,1,0.10%,0.13%,97,1,0.15%,0.09%,98.53%,0.00%,7,0,14.58%,0.00%,US$187.43,US$0.00,7,0
"ecocutlery Knife Set with Gift Box, 14 Pcs Full Tang German Stainless Steel Knife Block Set with Scissors, Ultra Sharp Knife Sets for Kitchen with Wooden Block, Classic Series - Gift for Men & Women",60,1,0.13%,0.13%,112,4,0.17%,0.37%,100.00%,100.00%,7,0,11.67%,0.00%,US$659.93,US$0.00,7,0
"Ecocutlery Cutting Boards for Kitchen with Defrosting Tray Set of 3, Dishwasher Safe Plastic Cutting Board with Deep Juice Grooves, Non-Slip Durable Chopping Boards for Meat, Veggies, Fruits-Lava Orange",126,1,0.27%,0.13%,151,1,0.24%,0.09%,100.00%,0.00%,6,0,4.76%,0.00%,US$91.14,US$0.00,6,0
"ecocutlery Serrated Bread Knife for Homemade Bread with Elegant Gift Box, Full Tang Ultra Sharp Forged German Carbon Stainless Steel Bread Knife 8 inch for Slicing Bread, Bagels, Cake - Classic Series",25,1,0.05%,0.13%,31,1,0.05%,0.09%,100.00%,0.00%,6,0,24.00%,0.00%,US$173.70,US$0.00,6,0
"Ecocutlery Magnetic Bottle Opener Pop Can Opener for Refrigerator, Beer Bottle Opener and Soda Can Opener with Cap Catcher, Portable Beer Opener for Bartender, Home, Restaurant, Bar Tools, 2 Pack, Black",31,0,0.07%,0.00%,34,0,0.05%,0.00%,100.00%,0.00%,6,0,19.35%,0.00%,US$56.94,US$0.00,6,0
"Ecocutlery Santoku Knife - Ultra Sharp German High-Carbon Stainless Steel, 6 inch - Mako Series with Exquisite In-Drawer Knife Block",28,0,0.06%,0.00%,45,0,0.07%,0.00%,100.00%,0.00%,5,0,17.86%,0.00%,US$110.96,US$0.00,5,0
"ecocutlery Cleaver Knife 7.5 inch Meat and Vegetable Chinese Cleaver Kitchen Chef Knife, German High Carbon Stainless Steel Butcher Knife with Full Tang Ergonomic Handle for Home Kitchen and Restaurant",163,1,0.35%,0.13%,175,1,0.27%,0.09%,96.95%,100.00%,5,0,3.07%,0.00%,US$119.07,US$0.00,5,0
"ecocutlery Serrated Bread Knife for Homemade Bread with Elegant Gift Box, Full Tang Ultra Sharp Forged German Carbon Stainless Steel Bread Knife 8 inch for Slicing Bread, Bagels, Cake - Classic Series",151,2,0.32%,0.25%,160,2,0.25%,0.19%,100.00%,100.00%,5,0,3.31%,0.00%,US$118.71,US$0.00,5,0
"ecocutlery Chef Knife Kitchen Knife Ultra Sharp Cooking Knife, 7 inch Precision Forged German High-Carbon Stainless Steel Cutting Knife with Exquisite In-Drawer Knife Block- MAKO Series",42,8,0.09%,1.01%,73,17,0.11%,1.59%,100.00%,100.00%,4,1,9.52%,12.50%,US$119.96,US$29.99,4,1
ecocutlery Paring Knife Fruit Knife Ultra Sharp Small Kitchen Knife- 4.5 inch Precision Forged German High-Carbon Stainless Steel Peeling Knife with Exquisite in-Drawer Knife Block - MAKO Series,42,1,0.09%,0.13%,52,1,0.08%,0.09%,93.88%,100.00%,4,0,9.52%,0.00%,US$100.06,US$0.00,4,0
"Ecocutlery Magnetic Knife Block Knife Holder Knife Stand, Super Strong Magnet Double Sided Kitchen Knives Storage Fitted, American Ash Wood, Black Oxide Stainless Steel Base",148,2,0.32%,0.25%,190,2,0.30%,0.19%,100.00%,100.00%,4,0,2.70%,0.00%,US$227.80,US$0.00,4,0
"Ecocutlery Nylon Cooking Utensils Set, 7 Pieces Elevate Kitchen Utensil Set with Exquisite Rotating Stand, Innovative Weighted Handle, Easy to Clean, Black & Peacock Green (BPA Free, Non Toxic)",200,2,0.43%,0.25%,266,2,0.41%,0.19%,100.00%,0.00%,5,0,2.50%,0.00%,US$139.75,US$0.00,4,0
"ecocutlery Santoku Knife 7 inch Meat Kitchen Asian Chef Knife, German High Carbon Stainless Steel Chopping Knife with Full Tang Ergonomic Handle for Home Kitchen and Restaurant",197,3,0.42%,0.38%,211,3,0.33%,0.28%,99.48%,100.00%,4,0,2.03%,0.00%,US$115.44,US$0.00,4,0
"Ecocutlery Black Stainless Steel Serrated Fruit Y-Peeler, Classic Vegetable Peeler, Japanese Swivel Blade, Comfortable Handle, Dishwasher Safe",21,2,0.04%,0.25%,25,2,0.04%,0.19%,95.45%,100.00%,5,3,23.81%,150.00%,US$39.95,US$23.97,4,2
"Ecocutlery 3 piece Vegetable Y-Peeler Set with Straight Peeler, Serrated Peeler and Julienne Peeler, Dishwasher Safe Classic Fruit Peeler for Kitchen, Potato Peelers for Peeling veggie and Food, Green",17,0,0.04%,0.00%,22,0,0.03%,0.00%,100.00%,0.00%,4,0,23.53%,0.00%,US$30.76,US$0.00,4,0
"ecocutlery Dish Drying Rack, Detachable Dish Rack with Stainless Steel Dish Straight and Portable Drying Tray, Over Sink Dish Drainer for Kitchen Counter Kitchen Cabinet, Fit for Over 16'' Kitchen Sink",115,3,0.25%,0.38%,178,5,0.28%,0.47%,100.00%,100.00%,6,0,5.22%,0.00%,US$119.94,US$0.00,4,0
"ecocutlery Lemon Zester & Peeler 2 in 1, Multifunction Kitchen Tool - Handheld Grater for Cheese, Lemon, Peeler for Potato, Carrot, Cucumber - Razor Sharp Stainless Steel Blade with Protective Cover",81,4,0.17%,0.50%,110,4,0.17%,0.37%,100.00%,100.00%,4,0,4.94%,0.00%,US$47.98,US$0.00,4,0
"ecocutlery Chef Knife - Professional Pro Kitchen Knife 8 inch Chef's Knives, German High Carbon Stainless Steel Ultra Sharp Cooking Knife with Full Tang Ergonomic Handle - Classic Series",240,5,0.51%,0.63%,277,6,0.43%,0.56%,100.00%,100.00%,3,0,1.25%,0.00%,US$95.85,US$0.00,3,0
"ecocutlery Nakiri Knife 7 inch Japanese Chef Knife, Asian Vegetable Cleaver Kitchen Knife, German High Carbon Stainless Steel Usuba Knife with Full Tang Ergonomic Handle for Home Kitchen and Restaurant",57,4,0.12%,0.50%,107,6,0.17%,0.56%,100.00%,100.00%,3,0,5.26%,0.00%,US$87.87,US$0.00,3,0
"Ecocutlery Cutting Boards for Kitchen with Defrosting Tray Set of 3, Dishwasher Safe Plastic Cutting Board with Deep Juice Grooves, Non-Slip Durable Chopping Boards for Meat, Veggies, Fruits - Blue",13,1,0.03%,0.13%,22,1,0.03%,0.09%,100.00%,100.00%,3,0,23.08%,0.00%,US$45.57,US$0.00,3,0
"ecocutlery Knife Set for Kitchen, 6 Pieces Doodle Drawings Kitchen Knife Set with Gift Box, High Carbon Stainless Steel with Colorful Pattern Design Chef Knife Set, Sharp Knife for Gift,Saklei Series","1,203",11,2.57%,1.39%,"1,537",12,2.39%,1.12%,100.00%,100.00%,3,0,0.25%,0.00%,US$59.97,US$0.00,3,0
"Ecocutlery Julienne Y-Peeler, Classic Vegetable Peelers Euro Peeler for Kitchen, Japanese Stainless Steel Carrot Peeler with Comfortable Handle, Dishwasher Safe Kitchen Food Peelers for Peeling, Black",64,1,0.14%,0.13%,90,2,0.14%,0.19%,100.00%,100.00%,3,0,4.69%,0.00%,US$21.57,US$0.00,3,0
"ecocutlery Pop Airtight Food Storage Containers with Time Recording Lids, BPA-Free Stackable Plastic Storage Containers Set of 4, Dry Cereal Container Set for Pantry Countertop Fridge Organization",171,4,0.37%,0.50%,276,9,0.43%,0.84%,97.64%,100.00%,3,1,1.75%,25.00%,US$91.77,US$33.99,3,1
"Ecocutlery Magnetic Bottle Opener Pop Can Opener for Refrigerator, Beer Bottle Opener and Soda Can Opener with Cap Catcher, Portable Beer Opener for Bartender, Home, Restaurant, Bar Tools, 2 Pack, Green",14,1,0.03%,0.13%,18,2,0.03%,0.19%,100.00%,0.00%,3,0,21.43%,0.00%,US$26.97,US$0.00,3,0
"ecocutlery Chef Knife - Professional Pro Kitchen Knife 8 inch Chef's Knives, German High Carbon Stainless Steel Ultra Sharp Cooking Knife with Full Tang Ergonomic Handle - Classic Series",47,1,0.10%,0.13%,64,1,0.10%,0.09%,100.00%,0.00%,2,0,4.26%,0.00%,US$57.41,US$0.00,2,0
"ecocutlery Knife Set, 13-Piece Kitchen Knife Set with Block Sharp Chef Knife Set, German High Carbon Stainless Steel Knife Block Set with Beech Block with Black Oxide Stainless Steel Base",21,0,0.04%,0.00%,35,0,0.05%,0.00%,96.15%,0.00%,2,0,9.52%,0.00%,US$288.51,US$0.00,2,0
"Ecocutlery Serrated Fruit Y-Peeler, Classic Vegetable Peeler Euro Peeler Kitchen, Japanese Stainless Steel Veggie Peeler with Comfortable Handle, Dishwasher Safe Kitchen Food Peelers for Peeling, Green",36,2,0.08%,0.25%,48,2,0.07%,0.19%,100.00%,100.00%,2,0,5.56%,0.00%,US$14.78,US$0.00,2,0
"ecocutlery Chef Knife 8 Inch Pro Kitchen Knife with Premium Gift Box, Chef's Knives High Carbon Stainless Steel Sharp Knife with Ergonomic Green Handle, Christmas Gifts for Women and Men",51,2,0.11%,0.25%,61,2,0.09%,0.19%,100.00%,100.00%,2,0,3.92%,0.00%,US$44.34,US$0.00,2,0
"Ecocutlery Magnetic Bottle Opener Pop Can Opener for Refrigerator, Beer Bottle Opener and Soda Can Opener with Cap Catcher, Portable Beer Opener for Bartender, Home, Restaurant, Bar Tools, 4 Pack, Green",21,2,0.04%,0.25%,24,2,0.04%,0.19%,100.00%,100.00%,2,0,9.52%,0.00%,US$25.88,US$0.00,2,0
"ecocutlery Cleaver Knife 7.5 inch Meat and Vegetable Chinese Cleaver Kitchen Chef Knife, German High Carbon Stainless Steel Butcher Knife with Full Tang Ergonomic Handle for Home Kitchen and Restaurant",22,1,0.05%,0.13%,25,1,0.04%,0.09%,90.48%,100.00%,1,0,4.55%,0.00%,US$29.04,US$0.00,1,0
"Ecocutlery Cutting Boards for Kitchen with Defrosting Tray Set of 3, Dishwasher Safe Plastic Cutting Board with Deep Juice Grooves, Non-Slip Durable Chopping Boards for Meat, Veggies, Fruits - Green",26,0,0.06%,0.00%,28,0,0.04%,0.00%,100.00%,0.00%,1,0,3.85%,0.00%,US$25.99,US$0.00,1,0
"Ecocutlery Acacia Wood Cheese Board, Reversible Round (12inch) Charcuterie Board with Juice Groove","3,889",96,8.31%,12.09%,"5,266",121,8.20%,11.30%,99.82%,100.00%,1,0,0.03%,0.00%,US$30.95,US$0.00,1,0
"Ecocutlery Swivel Vegetable Y-Peeler, Classic Euro Peeler Potato Peelers Kitchen, Japanese Stainless Steel Veggie Peeler with Comfortable Handle, Dishwasher Safe Kitchen Food Peelers for Peeling,Black",19,2,0.04%,0.25%,19,2,0.03%,0.19%,100.00%,100.00%,1,0,5.26%,0.00%,US$5.59,US$0.00,1,0
"Ecocutlery Swivel Vegetable Y-Peeler, Classic Euro Peeler Potato Peelers Kitchen, Japanese Stainless Steel Veggie Peeler with Comfortable Handle, Dishwasher Safe Kitchen Food Peelers for Peeling,Green",16,0,0.03%,0.00%,17,0,0.03%,0.00%,100.00%,0.00%,1,0,6.25%,0.00%,US$5.59,US$0.00,1,0
"Ecocutlery Julienne Y-Peeler, Classic Vegetable Peelers Euro Peeler for Kitchen, Japanese Stainless Steel Carrot Peeler with Comfortable Handle, Dishwasher Safe Kitchen Food Peelers for Peeling, Green",16,0,0.03%,0.00%,25,0,0.04%,0.00%,100.00%,0.00%,1,0,6.25%,0.00%,US$7.99,US$0.00,1,0
"Ecocutlery Swivel Vegetable Peeler, Classic Euro Peeler Potato Peelers for Kitchen, Japanese Stainless Steel Veggie Peeler with Comfortable Handle, Dishwasher Safe Kitchen Food Peelers for Peeling,Green",5,1,0.01%,0.13%,7,1,0.01%,0.09%,100.00%,100.00%,2,2,40.00%,200.00%,US$21.98,US$21.98,1,1
"Ecocutlery 2 Pieces Vegetable Peeler Set with Straight Peeler and Serrated Peeler, Dishwasher Safe Classic Euro Fruit Peeler for Kitchen, Potato Peelers for Peeling veggie and Food, Black",9,0,0.02%,0.00%,9,0,0.01%,0.00%,100.00%,0.00%,1,0,11.11%,0.00%,US$9.99,US$0.00,1,0
"Ecocutlery 3 Pieces Vegetable Y-Peeler Set with Straight Peeler, Serrated Peeler and Julienne Peeler, Dishwasher Safe Classic Fruit Peeler for Kitchen, Potato Peelers for Peeling veggie and Food, Black",7,0,0.01%,0.00%,10,0,0.02%,0.00%,100.00%,0.00%,1,0,14.29%,0.00%,US$7.99,US$0.00,1,0
"Ecocutlery 2 Pieces Vegetable Peeler Set with Straight Peeler and Serrated Peeler, Dishwasher Safe Classic Euro Fruit Peeler for Kitchen, Potato Peelers for Peeling veggie and Food, Green",7,1,0.01%,0.13%,8,1,0.01%,0.09%,100.00%,0.00%,1,0,14.29%,0.00%,US$9.99,US$0.00,1,0
"ecocutlery Santoku Knife 7 inch Meat Kitchen Chef Knife with Premium Gift Box, Vegetables Knives High Carbon Stainless Steel Sharp Knife with Ergonomic Green Handle, Christmas Gifts for Women and Men",41,1,0.09%,0.13%,44,1,0.07%,0.09%,100.00%,0.00%,1,0,2.44%,0.00%,US$23.37,US$0.00,1,0
"ecocutlery 16 Inch Magnetic Knife Holder for Wall, Acacia Wood Knife Magnetic Strip Use as Knife Bar, Knife Holder, Magnetic Tool Organizer, Kitchen Utensil Organizer & Home Organizer",40,0,0.09%,0.00%,66,0,0.10%,0.00%,91.67%,0.00%,1,0,2.50%,0.00%,US$25.95,US$0.00,1,0
"ecocutlery Pop Airtight Food Storage Containers with Date Recording Lids, Stackable Plastic Storage Containers Set of 5, Dry Cereal Container Set for Pantry Countertop Fridge Organization",53,0,0.11%,0.00%,63,0,0.10%,0.00%,98.15%,0.00%,1,0,1.89%,0.00%,US$44.95,US$0.00,1,0
"ecocutlery Magnetic Knife Holder, Heavy Duty Aluminum Magnetic Knife Holder for Wall Use as Knife Bar, Knife Holder, Magnetic Tool, Kitchen Utensil & Home Organizer, 17.3 Inch",20,1,0.04%,0.13%,24,1,0.04%,0.09%,100.00%,100.00%,1,1,5.00%,100.00%,US$21.95,US$21.95,1,1
"ecocutlery 6.5 inch Santoku Knife Gourmet Series, Meat Kitchen Chef Knife Vegetables Knives High Carbon Stainless Steel Sharp Knife for Cutting, Chopping Vegetables, and Meat",5,0,0.01%,0.00%,17,0,0.03%,0.00%,40.00%,0.00%,1,0,20.00%,0.00%,US$28.99,US$0.00,1,0
"Ecocutlery Magnetic Bottle Opener Pop Can Opener for Refrigerator, Beer Bottle Opener and Soda Can Opener with Cap Catcher, Portable Beer Opener for Bartender, Home, Restaurant, Bar Tools, 4 Pack, Black",19,3,0.04%,0.38%,27,3,0.04%,0.28%,100.00%,100.00%,1,0,5.26%,0.00%,US$13.99,US$0.00,1,0
"ecocutlery Silverware Drawer Organizer with Kitchen Drawer Organizer, Cutlery Drawer Organizer Utensil Drawer Organizer for Flatware, Spoon, and Utensils, BPA Free Secure Storage Tray for Kitchen",195,4,0.42%,0.50%,206,5,0.32%,0.47%,100.00%,100.00%,1,0,0.51%,0.00%,US$18.99,US$0.00,1,0
